Event,GT_km2,S1_VV_only_Pred_km2,S1_VV_only_Err_pct,S1_VH_only_Pred_km2,S1_VH_only_Err_pct,S1_VV_VH_Pred_km2,S1_VV_VH_Err_pct,S1_Full_Pred_km2,S1_Full_Err_pct,S2_RGB_only_Pred_km2,S2_RGB_only_Err_pct,S2_NIR_SWIR_Pred_km2,S2_NIR_SWIR_Err_pct,S2_Full_Pred_km2,S2_Full_Err_pct,Multimodal_Fusion_Pred_km2,Multimodal_Fusion_Err_pct
EMSR227_01ENCINEDO_02GRADING_MAP_v2_vector,103.03,107.74,4.6,101.92,1.1,164.16,59.3,169.36,64.4,88.89,13.7,110.6,7.3,103.68,0.6,105.02,1.9
EMSR227_02CORPORALES_02GRADING_MAP_v2_vector,57.81,45.84,20.7,81.24,40.5,96.12,66.3,44.43,23.2,45.63,21.1,59.21,2.4,52.06,10.0,54.13,6.4
EMSR227_03SANTAEULALIADECABRERA_02GRADING_MAP_v2_vector,120.42,144.14,19.7,85.79,28.8,111.71,7.2,71.53,40.6,80.04,33.5,111.54,7.4,106.15,11.8,92.93,22.8
EMSR227_04TRUCHILLAS_02GRADING_MAP_v2_vector,61.11,111.67,82.7,54.27,11.2,87.61,43.4,38.22,37.5,33.97,44.4,40.88,33.1,26.45,56.7,24.82,59.4
EMSR248_01PINODELORO_02GRADING_MAP_v1_vector,115.98,164.31,41.7,156.58,35.0,173.89,49.9,49.71,57.1,160.03,38.0,121.33,4.6,118.17,1.9,122.57,5.7
EMSR248_04HOYOSDEMIGUELMUNOZ_02GRADING_MAP_v1_vector,28.08,24.05,14.3,54.32,93.5,65.73,134.1,19.74,29.7,26.68,5.0,29.15,3.8,27.7,1.3,29.27,4.2
EMSR254_01PORTELADEAGUIAR_02GRADING_MAP_v2_vector,18.36,22.17,20.7,83.19,353.0,44.03,139.8,9.11,50.4,19.47,6.0,25.7,40.0,21.53,17.2,21.74,18.4
EMSR254_02SILVAN_02GRADING_MAP_v2_vector,54.14,148.1,173.5,105.96,95.7,162.3,199.8,125.54,131.9,82.69,52.7,88.39,63.3,80.58,48.8,80.42,48.5
EMSR254_03PERENADELARIBERA_02GRADING_MAP_v2_vector,16.38,40.07,144.7,35.01,113.8,36.24,121.2,15.62,4.6,29.55,80.4,19.3,17.8,19.75,20.6,21.55,31.6
EMSR281_01KIRTOMY_02GRADING_MAP_v1_vector,14.8,4.59,69.0,10.61,28.3,6.47,56.3,20.74,40.1,47.97,224.1,14.29,3.5,13.98,5.5,15.36,3.8
