Experiment,Description,Test IoU (%),Test Dice (%),Delta IoU (%),Delta Dice (%),Precision (%),Recall (%)
Fusion_Baseline_All9,All 9 channels active (Baseline),69.99,82.35,0.0,0.0,83.96,80.8
Mask_S1_SAR_All,"Masked S1 SAR (Bands 6,7,8 -> Optical Only)",69.44,81.97,-0.55,-0.38,87.52,77.08
Mask_S2_Optical_All,Masked S2 Optical (Bands 0..5 -> SAR Only),0.0,0.0,-69.99,-82.35,0.0,0.0
Mask_VV_Only,Masked VV Band,70.12,82.44,0.13,0.09,85.48,79.61
Mask_VH_Only,Masked VH Band,70.02,82.37,0.03,0.02,85.58,79.38
Mask_Ratio_Only,Masked VV/VH Ratio Band,70.43,82.65,0.43,0.3,84.75,80.64
Mask_RGB_Only,"Masked Optical RGB (B2,B3,B4)",38.76,55.87,-31.23,-26.48,94.72,39.62
Mask_NIR_Only,Masked Optical NIR (B8),56.87,72.51,-13.12,-9.84,89.54,60.92
Mask_SWIR_Only,"Masked Optical SWIR (B11,B12)",41.42,58.58,-28.57,-23.77,71.45,49.64
