epoch,lr,train_loss,train_iou,train_dice,train_precision,train_recall,val_loss,val_iou,val_dice,val_precision,val_recall,val_accuracy,time_sec
1,0.0001,0.36721335165284275,0.6353747159356548,0.7770386930216598,0.6845720162460687,0.8983856576243031,0.48187241767114264,0.4103580817500555,0.5819204173182161,0.4293271338221342,0.9027960424264871,0.9620251569443131,75.27013373374939
2,0.0001,0.33220303880441926,0.7467807047563543,0.855036585557564,0.7927170025913427,0.9279907362720563,0.4842436700272527,0.555270133937338,0.7140497612869481,0.5817734666942979,0.9241775717383004,0.9783315230100554,65.92894077301025
3,0.0001,0.3170787142797919,0.7701534801050107,0.870154468254722,0.815823115893414,0.9322387497763287,0.481474161976297,0.6484516389435986,0.7867402641658997,0.6856799839542271,0.922740113369427,0.9853557252729302,65.75121426582336
4,0.0001,0.3060775172130312,0.7869972988510806,0.8808041280835365,0.8270856649607093,0.9419852125159301,0.4817326143004376,0.7478574576479795,0.8557419306427204,0.8753465415531506,0.8369962286635371,0.991739015990023,78.01690793037415
5,0.0001,0.2964689548812065,0.7916200791671864,0.8836919036263108,0.828231538462364,0.9471128455053252,0.478203560382252,0.7797571568576721,0.8762511827561984,0.8428375971926695,0.9124234403733404,0.9924556843491266,59.54404616355896
6,0.0001,0.286695062683006,0.8009871057163073,0.8894978794395424,0.8355537648966997,0.9508880829412227,0.4771792708502262,0.760502775869103,0.8639608937778215,0.8569261592522671,0.8711120843315138,0.9919692759935692,68.65607595443726
7,0.0001,0.27971828527379483,0.8028347717391427,0.8906359965141687,0.8356487583132854,0.9533694762987908,0.4764545011873762,0.7608012708231947,0.864153477657943,0.8225231021363284,0.9102225887625495,0.9916224654154839,84.62798142433167
8,0.0001,0.2740172080463717,0.8021625589689795,0.8902221999639123,0.8367667120645271,0.9509736108589264,0.47544440266819893,0.596401460190936,0.7471823035285923,0.6427503437920932,0.8921331626280888,0.9823265411391082,83.28423476219177
9,0.0001,0.26524744690744984,0.8128015874766552,0.8967352997611187,0.8442118145392896,0.9562279833345896,0.4731151192151821,0.7498040999525428,0.8570149080950016,0.8044745989616151,0.9168975717962431,0.9910435855471458,76.93050956726074
10,5e-05,0.25783727454255934,0.8259051267047355,0.904652837242722,0.8552483974850253,0.9601150221615402,0.47500523897220054,0.7074246515655318,0.828645235872513,0.7683553592349058,0.8992021550769658,0.9891133098593454,53.40046834945679
11,5e-05,0.2540743613075865,0.8310535705225007,0.9077326670298949,0.8593595290362029,0.9618764579104934,0.4744360725213776,0.7095767871270338,0.8301198196771107,0.854330858547265,0.8072432064157671,0.990327977316972,65.11437821388245
12,5e-05,0.24964137301534897,0.8346241331553363,0.9098584479207538,0.8659207141719089,0.958493418699956,0.47452869461939917,0.5839591622752067,0.7373411842719542,0.709003783000951,0.7680380624683394,0.9839816709644759,56.0077223777771
