metric,sentinel2_optical,sentinel1_sar,difference_s2_minus_s1
IoU (Jaccard),0.7060882607586453,0.19138565830646617,51.470260245217915
Dice / F1 Score,0.8277277055346121,0.32128246126198556,50.64452442726265
Precision,0.8421746459179326,0.3483500627017094,49.382458321622316
Recall,0.8137680610349609,0.2981180061985749,51.5650054836386
Pixel Accuracy,0.9281120568304453,0.7325132837835321,19.55987730469132
True Positives (TP),4832879.0,1759203.0,3073676.0
False Positives (FP),905692.0,3290898.0,-2385206.0
True Negatives (TN),21139290.0,18595337.0,2543953.0
False Negatives (FN),1106011.0,4141826.0,-3035815.0
GT Burned Area %,21.222545614845505,21.236452066673344,-0.013906451827839561
Pred Burned Area %,20.506708292547863,18.17415705266982,2.3325512398780432
